OBJECTID,NOM,CODE_INSEE,SHAPE_Length,SHAPE_Area
12,Piscop,95489,0.109627437624737,0.000510276247260771
