FID,Classe,SHAPE_Length,SHAPE_Area
1,62,97443.4344567302,2597750.23628505
