FID,numero,SHAPE_Length,SHAPE_Area
1,1,38095.8135066239,77431435.6309012
2,6,23598.158914818,20055856.8597998
