X,Y,Source,Montant,ADRESSE,CodePostal,VILLE,FID
212671.106767704,6091498.78383227,Fiscalité directe,229619700,"15, rue Eugène Vignat",45000,ORLEANS,1
212671.106767704,6091498.78383227,Fiscalité indirecte,164478858,"15, rue Eugène Vignat",45000,ORLEANS,2
212671.106767704,6091498.78383227,Dotations et participations de fonctionnement,167156582,"15, rue Eugène Vignat",45000,ORLEANS,3
212671.106767704,6091498.78383227,Dotations et participations d’investissement,34339084,"15, rue Eugène Vignat",45000,ORLEANS,4
212671.106767704,6091498.78383227,Emprunts,79487310,"15, rue Eugène Vignat",45000,ORLEANS,5
