FID,Classe,SHAPE_Length,SHAPE_Area
1,68,1.53226619254521,0.00025442695002308
