FID,Classe,SHAPE_Length,SHAPE_Area
1,68,204803.940085773,4807543.24456736
